agent,n_tasks,n_replicates,leaderboard_mean,leaderboard_sem,above_median_mean,above_median_sem,any_medal_mean,any_medal_sem,completion_rate,rank_mean,rank_sem
dummy,24,24,2.495833333333333,1.1648455636684494,0.0,0.0,0.0,0.0,25.0,4.375,0.19792858469074437
mlagentbench,23,90,23.444565217391304,4.646850945191,18.478260869565215,5.92638288433749,7.608695652173914,3.9870041505596867,97.82608695652173,3.0652173913043477,0.18677719131558357
aide,23,77,37.41304347826087,5.84955289840555,36.23188405797101,7.869305590701489,14.492753623188403,5.9555102699813265,83.69565217391305,2.1956521739130435,0.20789536940333814
stella,22,74,27.36742424242424,6.7140214094370405,26.89393939393939,8.47519614344463,12.878787878787879,6.364151700428206,84.0909090909091,2.909090909090909,0.24093155167695895
biomni,24,96,34.45104166666667,5.363062763781332,32.29166666666667,8.030620557957757,19.791666666666664,6.726267771959173,100.0,2.0833333333333335,0.21633195997866927
