agent,n_tasks,n_replicates,leaderboard_mean,leaderboard_sem,above_median_mean,above_median_sem,any_medal_mean,any_medal_sem,completion_rate,rank_mean,rank_sem
dummy,24,24,2.495833333333333,1.1648455636684494,0.0,0.0,0.0,0.0,25.0,4.333333333333333,0.20559798491465373
mlagentbench,24,96,21.426041666666666,4.397640300832281,16.666666666666664,5.563098743762351,6.25,3.447983027296065,97.91666666666667,3.0625,0.23566222604101977
aide,24,96,28.50208333333333,5.216187465691231,28.125,6.439605853678053,12.5,5.212860351426869,80.20833333333333,2.5625,0.2298244840704769
stella,24,96,20.60625,5.4113244803227785,19.791666666666664,6.726267771959173,10.416666666666668,5.1947286083114745,85.41666666666667,3.1666666666666665,0.22655794494005047
biomni,24,96,34.45104166666667,5.363062763781332,32.29166666666667,8.030620557957757,19.791666666666664,6.726267771959173,100.0,1.875,0.1836870763798736
