agent,n_tasks,n_replicates,leaderboard_mean,leaderboard_sem,above_median_mean,above_median_sem,any_medal_mean,any_medal_sem
dummy,15,60,0.9983333333333334,0.44296395281339024,0.0,0.0,0.0,0.0
mlagentbench,23,92,22.357608695652175,4.488946799256795,17.391304347826086,5.760962785434153,6.521739130434782,3.590099234107699
aide,23,92,29.741304347826084,5.292149549986851,29.347826086956523,6.6035709275113135,13.043478260869565,5.414983699138442
stella,21,84,22.90714285714286,5.976048708240698,21.428571428571427,7.377111135633174,11.904761904761903,5.8805185882040325
biomni,24,96,34.608333333333334,5.5016887778401795,31.25,7.561642812840707,19.791666666666664,6.555774964599795
